trial_id,participant_id,environment,surface_type,device_mount,n_samples,total_steps,duration_s,baseline_rmse_m,proposed_rmse_m,baseline_mean_error_m,proposed_mean_error_m,baseline_max_error_m,proposed_max_error_m,baseline_final_error_m,proposed_final_error_m,baseline_heading_mae_deg,proposed_heading_mae_deg,avg_current_ma,max_current_ma,avg_cpu_load_pct,turn_detection_accuracy,rmse_improvement_pct,final_error_improvement_pct
T001,P01,indoor_hard_obstacle,tile,wrist,1152,15,11.509999999999799,1.4923289659608052,1.1814443517590578,1.3350566293366004,1.05703680352841,2.671236177795413,2.206456501638667,2.1817909552360994,1.7351070751622202,4.041504629840976,0.7471730931003346,60.29690797679945,68.37430386630014,32.82611665379969,0.9991319444444444,20.83217717358925,20.47326665287885
T002,P02,indoor_magnetic_disturbance,rubber_mat,wrist,1229,19,12.279999999999783,1.8334801971964627,1.7165637753482097,1.6778864877195068,1.586788205494278,3.191893832826036,2.878165889277159,3.065834310633606,2.781108749578802,2.300614870962708,0.43913554523733095,60.20971211158823,68.26373579446347,32.692582433858206,0.9975589910496339,6.376748547763294,9.287049860041554
T003,P03,indoor_low_light,rubber_mat,belt,1214,19,12.129999999999786,2.4102205475481107,2.2020154655775914,2.270805737541771,2.0910642364018988,3.8581630659387463,3.076864321684394,3.8581630659387463,3.076864321684394,4.337052142015301,0.3678832680285221,60.170587937923216,68.10830554987982,32.448522045621445,1.0,8.638424487017332,20.250537131308402
T004,P04,indoor_crowded_furniture,wood,belt,1156,15,11.549999999999798,1.061802317002826,1.082483860504572,0.9476971909170522,0.9994340420981909,2.101292753407662,1.8403997087125585,1.708854402116117,1.446378531531932,2.6681460719896886,0.488266406718492,60.33008703667321,68.10040338790182,32.96575423215455,0.9991349480968859,-1.9477772058479093,15.35975623547299
T005,P05,indoor_hard_obstacle,wood,belt,1058,14,10.569999999999819,0.8569136966152182,0.5806040139597543,0.7807666566047373,0.5344533391102524,1.719205600290687,1.1973521771264841,1.2811098093505737,0.722191508343351,4.783657271743355,0.22018651264867173,60.52922909955979,67.88531231059689,33.254777315571864,1.0,32.244750404489785,43.62766539821846
T006,P06,indoor_magnetic_disturbance,mixed,handheld,1148,13,11.4699999999998,0.31280263139933895,0.2494806474058724,0.2859903065702949,0.21194986352748188,0.7121249270107012,0.6461735295043719,0.6100149005407555,0.045681374995208676,4.260423029317916,1.1929379672748168,60.33404128286252,68.14168205065133,32.93556057249442,1.0,20.243430725052516,92.51143292488203
T007,P07,indoor_low_light,mixed,handheld,1130,13,11.289999999999804,0.4336043015956152,0.27099895453692346,0.3989214891269564,0.24676812504264337,0.9799231727867672,0.6630957249762104,0.6641145681102111,0.39455302206036447,1.3656287634878,1.4307851793412405,60.26718203430639,69.79215209606186,32.82565709410252,1.0,37.500861144670914,40.589614954074065
T008,P08,indoor_crowded_furniture,tile,handheld,1177,16,11.759999999999794,0.4692921140576707,0.46473398394713145,0.3793116917083822,0.37964224376229,1.33820891015899,1.1561024189509106,1.1587578752905683,1.0078065740901405,3.162712364889148,0.8410128605165976,60.31762155716226,69.76879525248039,33.079528136364516,1.0,0.9712777977724756,13.026992473520446
T009,P09,indoor_hard_obstacle,tile,wrist,1221,17,12.199999999999784,1.4100945934661075,1.1001759170376209,1.3049360249851305,1.0315597980496607,2.5982707749322596,1.9025951868813347,2.3908966964688276,1.7011220897909904,1.418351433996395,0.15275749222942786,60.27850029364398,69.32873095771235,32.90198753821238,0.9983619983619983,21.97857348468273,28.850038050434456
T010,P01,indoor_magnetic_disturbance,rubber_mat,wrist,1290,18,12.88999999999977,2.4002636429700743,1.9313582988039069,2.1883367808001193,1.769701604532036,4.070732082260979,3.262472569172504,3.8553551398892725,3.0501668370713326,3.7523665006015383,0.41002752152958455,59.97317662757641,68.86850509318445,32.2666260577456,1.0,19.535576666317635,20.884932090615788
T011,P02,indoor_low_light,rubber_mat,wrist,1194,16,11.92999999999979,1.2311880039735739,1.33591527687062,1.1672513732075906,1.2751559600223619,1.9868654784732667,1.9832791641626597,1.5749045270813158,1.5784452152498687,0.4753795112044059,1.3009212121340672,60.392783200813255,68.77681947101657,33.19221373614609,1.0,-8.506196662008245,-0.2248192260336359
T012,P03,indoor_crowded_furniture,wood,belt,1074,13,10.729999999999816,0.2420733624413855,0.3206009632274811,0.19965057395209415,0.27779332362603637,0.645570412834855,0.7603117680522394,0.3679615535896421,0.38655162644451596,2.863834564331026,0.8064488412747419,60.518714725455254,68.90727151002895,33.205760300298685,0.9981378026070763,-32.43958773246268,-5.052178053255494
T013,P04,indoor_hard_obstacle,wood,belt,1115,15,11.139999999999807,0.9278921254883865,0.7520381719790858,0.8269033197919485,0.6925502171200109,1.6587816386300993,1.186423684906768,1.3833162131224028,0.8922876009165384,1.9838317958020566,0.308305630166283,60.438612600368124,68.54880154516175,32.86746403105751,0.9991031390134529,18.95198252886797,35.496483562317344
T014,P05,indoor_magnetic_disturbance,mixed,belt,1086,13,10.849999999999813,0.5299561062381822,0.3408274621847897,0.49059849977651304,0.3155219679307633,1.1679271597663519,0.7792073834953159,1.0920611397312618,0.5505646010358068,4.647371300051859,0.9879415386009429,60.36662460888232,68.41440337772084,32.856798590805845,1.0,35.687605412435985,49.58481892586237
T015,P06,indoor_low_light,mixed,handheld,1173,13,11.719999999999795,0.3683051889416399,0.24550653824397645,0.3281763561758301,0.21262422172720097,0.9345330673190037,0.6665791494664629,0.48067777568511305,0.21892668355408287,2.3815829999252816,1.1846139735401688,60.426106561229744,67.68986515732749,32.884328038641144,0.9991474850809889,33.34154782085397,54.45458587261596
T016,P07,indoor_crowded_furniture,tile,handheld,1100,12,10.98999999999981,0.3586455675731378,0.30855385452031625,0.31128372930439263,0.26483469932249676,0.8000940706839239,0.7645553180325961,0.04360708174148851,0.4269782054296678,3.4096214831907,0.919420050245154,60.72139239636948,68.29761243803979,33.66410473743098,0.9972727272727273,13.966912624009069,-879.1487721211887
T017,P08,indoor_hard_obstacle,tile,handheld,1189,18,11.879999999999791,2.365229569280768,2.0128081652299756,2.1905995957768005,1.8542054247305408,3.8103206662524722,3.2729014005366732,3.7695752582651623,3.2534741246241534,0.8257049940220809,0.23136296718018223,60.16721392479449,68.77613063386787,32.638953696086524,0.9991589571068125,14.900092939306466,13.691227745338328
T018,P09,indoor_magnetic_disturbance,rubber_mat,wrist,1208,16,12.069999999999787,1.5762335197121142,1.2820582869292392,1.4614383389904644,1.1926735109821447,2.7495262754396146,1.947559041424175,2.304519009659298,1.5032929477132984,4.073675921990425,0.47343907825479065,60.2816539771314,68.25896243614461,32.919837884777586,0.9975165562913907,18.66317579876132,34.767604805501406
T019,P01,indoor_low_light,rubber_mat,wrist,1080,13,10.789999999999814,0.3855010053439805,0.24078306732395854,0.32292503469268674,0.20599909196348595,1.0857675200000139,0.6400295144376474,0.7093398187704192,0.24089561309738178,2.480683279555235,1.151756291419058,60.5879153591127,68.6491128607727,33.38992705405492,0.9990740740740741,37.5402232455635,66.03946279021048
T020,P02,indoor_crowded_furniture,wood,wrist,1084,15,10.829999999999814,1.2747113267031447,1.1646064469240236,1.1896006205822522,1.0922360450508641,2.149621011905541,1.780003612496453,1.7283527267665335,1.3523765710375932,1.4303482063773005,0.3612597730920367,60.383628998904236,68.21655920575526,32.93377235818946,1.0,8.637632495499302,21.753438977258448
T021,P03,indoor_hard_obstacle,wood,belt,1201,17,11.999999999999789,1.389066337739644,1.1931750288089689,1.2954827394795847,1.1077212191790193,2.3150641718413953,2.140276964454245,2.199688837941017,2.02825810273737,2.828858770635806,0.8575895148778977,60.203096603931066,68.28375237824513,32.60461407768997,0.9983347210657785,14.102372479160277,7.7934084242620525
T022,P04,indoor_magnetic_disturbance,mixed,belt,1097,13,10.95999999999981,0.3521435124331801,0.22184840494056637,0.30626419339125016,0.19789176032329323,0.9783739358376401,0.5304468726166609,0.7501125565657226,0.25471569527568005,7.542191534485931,1.6030454821955507,60.68347475262254,68.72717122506191,33.767221655822404,0.9990884229717412,37.00057019148903,66.04300340713432
T023,P05,indoor_low_light,mixed,belt,1138,12,11.369999999999802,0.5463896129405816,0.5730988096873737,0.5002198668862466,0.5397786120730195,1.0436733413406587,1.0018950194960496,0.5053913564446257,0.4197557412591835,2.356580337764396,0.6905705263002894,60.52816737875023,68.72127654512971,33.086693199250895,0.9982425307557118,-4.88830609407954,16.9444162614651
T024,P06,indoor_crowded_furniture,tile,handheld,1039,10,10.379999999999823,0.9820057006815084,1.0391063711401927,0.9184940382284373,0.9575988649344233,1.5547562314586456,1.7081933088207235,1.519429331302068,1.6913849903859286,3.0533865972331493,0.3989358983478199,60.49488188513991,68.3324420322399,33.003008786073714,1.0,-5.814698470595091,-11.317121207374882
T025,P07,indoor_hard_obstacle,tile,handheld,1176,14,11.749999999999794,0.5443226982460745,0.28471369804262237,0.45790517544708903,0.22894539095735164,1.477633364085953,0.8984686069288546,1.4660253867306128,0.8583772700076737,2.66802463455896,0.7749755220737247,60.407192604563896,69.04820873008404,32.920793902590724,0.9982993197278912,47.69395085671946,41.44867627961455
T026,P08,indoor_magnetic_disturbance,rubber_mat,handheld,1255,19,12.539999999999777,1.4662356484566401,1.1673634964943647,1.30106992943453,1.0779220581399287,2.7631683441759556,2.1108897812720184,2.506343933305293,1.8559640838907685,4.442432925884081,1.061609376599351,60.057201328766936,67.7044111204614,32.10252103758987,0.999203187250996,20.383636987469806,25.949345609436072
T027,P09,indoor_low_light,rubber_mat,wrist,1218,17,12.169999999999785,1.3742959410041438,1.245559545879403,1.2575111072748923,1.150953187040314,2.3145581096370957,1.9777803059074748,1.8172557056662395,1.4715856917022119,2.632440116497422,0.37461724124410306,60.19047221695631,68.1979871973184,32.52526882214664,0.9991789819376026,9.367443451130189,19.021539615268324
T028,P01,indoor_crowded_furniture,wood,wrist,1134,16,11.329999999999803,0.7758713565186129,0.7857792734028212,0.7153980699481842,0.736175979684085,1.582917574866261,1.380596104885913,1.4411163924616193,1.2498149218158046,1.3807818324954595,0.23853031177959677,60.37763139163933,68.03308051524807,32.98470562511746,0.9982363315696648,-1.2770051118610324,13.27453296947419
T029,P02,indoor_hard_obstacle,wood,wrist,1317,19,13.159999999999764,1.4684901225134934,1.3627073118514763,1.3700670782473992,1.2638145359743995,2.56959782023936,2.418709581117716,2.4412880860855433,2.270974922306001,2.43146307488618,0.5339497674549805,59.986799917345664,67.76719704979473,32.36152073256906,0.9984813971146546,7.203508490813503,6.9763648440454595
T030,P03,indoor_magnetic_disturbance,mixed,belt,1341,17,13.399999999999759,1.7494326763530994,1.4542431904695803,1.5942462442934202,1.3544574319838412,2.8769453436694055,2.142257309030524,2.461140697306447,1.7385486101952952,2.6528668797703023,0.5864681684898925,60.074198573502926,67.52346309048524,32.61583620470352,0.9985085756897838,16.87344073730672,29.36004787950483
T031,P04,indoor_low_light,mixed,belt,1233,18,12.319999999999782,1.8175312745591812,1.561006845992001,1.634574507292268,1.4297207475233702,2.885696936460562,2.3181125704873375,2.4034878907604678,1.864962440717481,4.3841142771388855,0.7270798246878929,60.25154204647308,69.16064410589934,32.715982006698354,0.9991889699918897,14.11389350807165,22.40599805446061
T032,P05,indoor_crowded_furniture,tile,belt,1113,17,11.119999999999807,1.0329862724812144,1.0259486173840966,0.8884884129683878,0.8667906090054606,2.0227481581893034,2.0114193218616125,1.957824291147361,1.9436160171129868,3.1872590336071247,0.6167022006562695,60.352137213823234,68.6964492501289,32.87119601650215,0.9982030548068284,0.6812922189385464,0.7257175272887988
T033,P06,indoor_hard_obstacle,tile,handheld,1291,16,12.89999999999977,1.9191015120581736,1.6305672134486235,1.748326850085089,1.5092680903780673,3.479017670072335,2.849258386566213,3.1491749518484626,2.501653260462962,3.9425848599647244,0.1849018987700462,60.11642157860697,67.90496283610572,32.41798438732176,0.9992254066615027,15.034863804578343,20.561629674001647
T034,P07,indoor_magnetic_disturbance,rubber_mat,handheld,1164,13,11.629999999999797,0.6505348401899869,0.3502790455451881,0.6110136646456588,0.3216219416061902,1.1839298523612278,0.8055165223256506,0.9346743356907296,0.5488868184081181,1.6508975279116622,0.7982031911122165,60.37576771508109,68.48960240070491,32.9322585808334,1.0,46.15522122644652,41.2750733117661
T035,P08,indoor_low_light,rubber_mat,handheld,1373,18,13.719999999999752,1.301545229508691,1.0744189230980694,1.1911706804887439,1.003857660084179,2.417804881946327,1.8027919704726223,2.088662657353396,1.4719695434628437,1.0478796791205385,0.2582996663959127,60.072964856859734,68.17223983546691,32.32385499313735,0.9985433357611071,17.450511996141497,29.525740392753594
T036,P09,indoor_crowded_furniture,wood,wrist,1306,17,13.049999999999766,1.3383985941777925,0.986831090491905,1.239393377193189,0.9226509760634399,2.4559112758579853,1.6579439656547215,2.2513301271624675,1.4407478842304342,2.654778770987558,0.3163712478603475,60.11169335272374,67.9337953903066,32.527878050530184,0.9992343032159265,26.26777293515189,36.00459271398261
